metric,dataset,Random Forest,XGBoost,difference,better_model
accuracy,test,0.9649122807017544,0.956140350877193,0.00877192982456143,Random Forest
precision,test,1.0,0.9743589743589743,0.02564102564102566,Random Forest
recall,test,0.9047619047619048,0.9047619047619048,0.0,tie
f1_score,test,0.95,0.9382716049382716,0.011728395061728403,Random Forest
roc_auc,test,0.9952050264550265,0.9950396825396826,0.00016534391534395176,Random Forest
mcc,test,0.9258200997725514,0.9058238738943076,0.01999622587824379,Random Forest
kappa,test,0.9230769230769231,0.904330312185297,0.018746610891626103,Random Forest
