model,dataset,class,precision,recall,f1_score,support
Random Forest,cv,Benign,0.9517241379310345,0.968421052631579,0.96,285.0
Random Forest,cv,Malignant,0.9454545454545454,0.9176470588235294,0.9313432835820895,170.0
XGBoost,cv,Benign,0.9612676056338029,0.9578947368421052,0.9595782073813708,285.0
XGBoost,cv,Malignant,0.9298245614035088,0.9352941176470588,0.9325513196480938,170.0
