model,dataset,class,precision,recall,f1_score,support
Random Forest,test,Benign,0.9473684210526315,1.0,0.972972972972973,72.0
Random Forest,test,Malignant,1.0,0.9047619047619048,0.95,42.0
XGBoost,test,Benign,0.9466666666666667,0.9861111111111112,0.9659863945578231,72.0
XGBoost,test,Malignant,0.9743589743589743,0.9047619047619048,0.9382716049382716,42.0
